Workbook

Sheet Metodo 1
A1: Dimensionamiento de Sistema PV y BESS
A2: Paulo Manuel De Oliveira pdeoliv@gmail.com
A3: Ububación: Rio Hacha, La Guajira, Colombia
D4: Método 1 - No considera eficiencias
A5: hora | B5: GHI Medio | D5: Datos:
B6: W/m2 | D6: PLmax | E6: 2 | F6: kW
A7: 1 | B7: 0 | D7: DoD | E7: 0.9
A8: 2 | B8: 0 | D8: GHI | E8: =SUM(B7:B31) -> 5585.59 | F8: W/m2/dia
A9: 3 | B9: 0 | D9: HPS | E9: =E8/1000 -> 5.58559 | F9: h/dia
A10: 4 | B10: 0 | D10: Hmn | E10: =A12 -> 6 | F10: h
A11: 5 | B11: 0 | D11: Hmed | E11: =12 -> 12 | F11: h
A12: 6 | B12: 0 | D12: Hmx | E12: 19 | F12: h
A13: 7 | B13: 68.04 | D13: Fcmax | E13: =B18/1000 -> 0.79676
A14: 8 | B14: 259.28
A15: 9 | B15: 446.66 | D15: 1) | E15: P_pv_inst | F15: = | G15: =24*E6/E9 -> 8.5935416 | H15: kWp
A16: 10 | B16: 613.61 | D16: 2) | E16: HDS | F16: = | G16: =1.05*(E12+E6*(E11-E12)/(G15*E13))-0.95*(E10+(E11-E10)*E6/(E13*G15)) -> 10.438106 | H16: h/dia
A17: 11 | B17: 739.7 | D17: 3) | E17: W_bess_mx | F17: = | G17: =G15*E9-E6*G16 -> 27.123788 | H17: kWh/dia
A18: 12 | B18: 796.76 | D18: 4) | E18: C | F18: = | G18: =G17/E7 -> 30.137542 | H18: kWh
A19: 13 | B19: 791.05
A20: 14 | B20: 704.54
A21: 15 | B21: 553.16
A22: 16 | B22: 374.21
A23: 17 | B23: 192.63
A24: 18 | B24: 45.6
A25: 19 | B25: 0.35
A26: 20 | B26: 0
A27: 21 | B27: 0
A28: 22 | B28: 0
A29: 23 | B29: 0
A30: 24 | B30: 0

Sheet Metodo 2
A1: Dimensionamiento de Sistema PV y BESS
A2: Paulo Manuel De Oliveira pdeoliv@gmail.com
A3: ='Metodo 1'!A3 -> Ububación: Rio Hacha, La Guajira, Colombia
D4: Método 2
A5: hora | B5: GHI Medio | D5: Datos:
B6: W/m2 | D6: PLmax | E6: ='Metodo 1'!E6 -> 2 | F6: kW | H6: hPV | I6: 0.92
A7: 1 | B7: ='Metodo 1'!B7 -> 0 | D7: DoD | E7: ='Metodo 1'!E7 -> 0.9 | H7: hBESS | I7: 0.95
A8: 2 | B8: ='Metodo 1'!B8 -> 0 | D8: GHI | E8: =SUM(B7:B31) -> 5585.59 | F8: W/m2/dia
A9: 3 | B9: ='Metodo 1'!B9 -> 0 | D9: HPS | E9: =E8/1000 -> 5.58559 | F9: h/dia
A10: 4 | B10: ='Metodo 1'!B10 -> 0 | D10: Hmn | E10: =A12 -> 6 | F10: h
A11: 5 | B11: ='Metodo 1'!B11 -> 0 | D11: Hmed | E11: =12 -> 12 | F11: h
A12: 6 | B12: ='Metodo 1'!B12 -> 0 | D12: Hmx | E12: 19 | F12: h
A13: 7 | B13: ='Metodo 1'!B13 -> 68.04 | D13: Fcmax | E13: =B18/1000 -> 0.79676 | J13: Solución
A14: 8 | B14: ='Metodo 1'!B14 -> 259.28 | J14: Solver
A15: 9 | B15: ='Metodo 1'!B15 -> 446.66 | D15: 1) | E15: P_pv_inst | F15: = | G15: =(24*E6+J16*E6*(1-I7))/(E9*I6*I7) -> 10.05761 | H15: kWp | I15: = | J15: 10.05761 | K15: kWp
A16: 10 | B16: ='Metodo 1'!B16 -> 613.61 | D16: 2) | E16: HDS | F16: = | G16: =1.05*(E12+E6*(E11-E12)/(J15*E13))-0.95*(E10+(E11-E10)*E6/(E13*J15)) -> 10.992997 | H16: h/dia | I16: = | J16: 10.992997 | K16: h/dia
A17: 11 | B17: ='Metodo 1'!B17 -> 739.7 | D17: 3) | E17: W_bess_mx | F17: = | G17: =G15*E9-E6*G16 -> 34.191695 | H17: kWh/dia
A18: 12 | B18: ='Metodo 1'!B18 -> 796.76 | D18: 4) | E18: C | F18: = | G18: =G17/E7 -> 37.990772 | H18: kWh
A19: 13 | B19: ='Metodo 1'!B19 -> 791.05
A20: 14 | B20: ='Metodo 1'!B20 -> 704.54
A21: 15 | B21: ='Metodo 1'!B21 -> 553.16
A22: 16 | B22: ='Metodo 1'!B22 -> 374.21
A23: 17 | B23: ='Metodo 1'!B23 -> 192.63
A24: 18 | B24: ='Metodo 1'!B24 -> 45.6
A25: 19 | B25: ='Metodo 1'!B25 -> 0.35
A26: 20 | B26: ='Metodo 1'!B26 -> 0
A27: 21 | B27: ='Metodo 1'!B27 -> 0
A28: 22 | B28: ='Metodo 1'!B28 -> 0
A29: 23 | B29: ='Metodo 1'!B29 -> 0
A30: 24 | B30: ='Metodo 1'!B30 -> 0
